"id","queue","payload","attempts","reserved_at","available_at","created_at"
"2","default","{""uuid"":""ec5b1147-4e37-4c3b-88c9-b78f996a57cf"",""displayName"":""App\\Notifications\\InvoiceGeneratedNotification"",""job"":""Illuminate\\Queue\\CallQueuedHandler@call"",""maxTries"":null,""maxExceptions"":null,""failOnTimeout"":false,""backoff"":null,""timeout"":null,""retryUntil"":null,""data"":{""commandName"":""Illuminate\\Notifications\\SendQueuedNotifications"",""command"":""O:48:\""Illuminate\\Notifications\\SendQueuedNotifications\"":3:{s:11:\""notifiables\"";O:45:\""Illuminate\\Contracts\\Database\\ModelIdentifier\"":5:{s:5:\""class\"";s:15:\""App\\Models\\User\"";s:2:\""id\"";a:1:{i:0;i:2;}s:9:\""relations\"";a:0:{}s:10:\""connection\"";s:5:\""mysql\"";s:15:\""collectionClass\"";N;}s:12:\""notification\"";O:46:\""App\\Notifications\\InvoiceGeneratedNotification\"":2:{s:7:\""invoice\"";O:45:\""Illuminate\\Contracts\\Database\\ModelIdentifier\"":5:{s:5:\""class\"";s:18:\""App\\Models\\Invoice\"";s:2:\""id\"";i:8;s:9:\""relations\"";a:0:{}s:10:\""connection\"";s:5:\""mysql\"";s:15:\""collectionClass\"";N;}s:2:\""id\"";s:36:\""d9e0f30b-54c6-489c-8a0e-741ad632f825\"";}s:8:\""channels\"";a:1:{i:0;s:8:\""database\"";}}""},""createdAt"":1751252667,""delay"":null}","0",NULL,"1751252667","1751252667"
"3","default","{""uuid"":""bf065afc-d691-4978-9643-83282553afe4"",""displayName"":""App\\Notifications\\InvoiceGeneratedNotification"",""job"":""Illuminate\\Queue\\CallQueuedHandler@call"",""maxTries"":null,""maxExceptions"":null,""failOnTimeout"":false,""backoff"":null,""timeout"":null,""retryUntil"":null,""data"":{""commandName"":""Illuminate\\Notifications\\SendQueuedNotifications"",""command"":""O:48:\""Illuminate\\Notifications\\SendQueuedNotifications\"":3:{s:11:\""notifiables\"";O:45:\""Illuminate\\Contracts\\Database\\ModelIdentifier\"":5:{s:5:\""class\"";s:15:\""App\\Models\\User\"";s:2:\""id\"";a:1:{i:0;i:2;}s:9:\""relations\"";a:0:{}s:10:\""connection\"";s:5:\""mysql\"";s:15:\""collectionClass\"";N;}s:12:\""notification\"";O:46:\""App\\Notifications\\InvoiceGeneratedNotification\"":2:{s:7:\""invoice\"";O:45:\""Illuminate\\Contracts\\Database\\ModelIdentifier\"":5:{s:5:\""class\"";s:18:\""App\\Models\\Invoice\"";s:2:\""id\"";i:9;s:9:\""relations\"";a:0:{}s:10:\""connection\"";s:5:\""mysql\"";s:15:\""collectionClass\"";N;}s:2:\""id\"";s:36:\""e83e379c-1f8f-4fe9-a943-84af4987c7b0\"";}s:8:\""channels\"";a:1:{i:0;s:4:\""mail\"";}}""},""createdAt"":1751252673,""delay"":null}","0",NULL,"1751252673","1751252673"
"4","default","{""uuid"":""7664efd6-b424-4ee4-be0d-bd5ac11d047d"",""displayName"":""App\\Notifications\\InvoiceGeneratedNotification"",""job"":""Illuminate\\Queue\\CallQueuedHandler@call"",""maxTries"":null,""maxExceptions"":null,""failOnTimeout"":false,""backoff"":null,""timeout"":null,""retryUntil"":null,""data"":{""commandName"":""Illuminate\\Notifications\\SendQueuedNotifications"",""command"":""O:48:\""Illuminate\\Notifications\\SendQueuedNotifications\"":3:{s:11:\""notifiables\"";O:45:\""Illuminate\\Contracts\\Database\\ModelIdentifier\"":5:{s:5:\""class\"";s:15:\""App\\Models\\User\"";s:2:\""id\"";a:1:{i:0;i:2;}s:9:\""relations\"";a:0:{}s:10:\""connection\"";s:5:\""mysql\"";s:15:\""collectionClass\"";N;}s:12:\""notification\"";O:46:\""App\\Notifications\\InvoiceGeneratedNotification\"":2:{s:7:\""invoice\"";O:45:\""Illuminate\\Contracts\\Database\\ModelIdentifier\"":5:{s:5:\""class\"";s:18:\""App\\Models\\Invoice\"";s:2:\""id\"";i:9;s:9:\""relations\"";a:0:{}s:10:\""connection\"";s:5:\""mysql\"";s:15:\""collectionClass\"";N;}s:2:\""id\"";s:36:\""e83e379c-1f8f-4fe9-a943-84af4987c7b0\"";}s:8:\""channels\"";a:1:{i:0;s:8:\""database\"";}}""},""createdAt"":1751252673,""delay"":null}","0",NULL,"1751252673","1751252673"
"5","default","{""uuid"":""f91253a8-ad11-49aa-9a52-85290add18ea"",""displayName"":""App\\Notifications\\InvoiceGeneratedNotification"",""job"":""Illuminate\\Queue\\CallQueuedHandler@call"",""maxTries"":null,""maxExceptions"":null,""failOnTimeout"":false,""backoff"":null,""timeout"":null,""retryUntil"":null,""data"":{""commandName"":""Illuminate\\Notifications\\SendQueuedNotifications"",""command"":""O:48:\""Illuminate\\Notifications\\SendQueuedNotifications\"":3:{s:11:\""notifiables\"";O:45:\""Illuminate\\Contracts\\Database\\ModelIdentifier\"":5:{s:5:\""class\"";s:15:\""App\\Models\\User\"";s:2:\""id\"";a:1:{i:0;i:2;}s:9:\""relations\"";a:0:{}s:10:\""connection\"";s:5:\""mysql\"";s:15:\""collectionClass\"";N;}s:12:\""notification\"";O:46:\""App\\Notifications\\InvoiceGeneratedNotification\"":2:{s:7:\""invoice\"";O:45:\""Illuminate\\Contracts\\Database\\ModelIdentifier\"":5:{s:5:\""class\"";s:18:\""App\\Models\\Invoice\"";s:2:\""id\"";i:10;s:9:\""relations\"";a:0:{}s:10:\""connection\"";s:5:\""mysql\"";s:15:\""collectionClass\"";N;}s:2:\""id\"";s:36:\""55e9b6b1-c187-4bbf-98a6-59be820e2ccf\"";}s:8:\""channels\"";a:1:{i:0;s:4:\""mail\"";}}""},""createdAt"":1751256702,""delay"":null}","0",NULL,"1751256702","1751256702"
"6","default","{""uuid"":""69dc1c62-1e2f-4af7-8e05-6380c2211527"",""displayName"":""App\\Notifications\\InvoiceGeneratedNotification"",""job"":""Illuminate\\Queue\\CallQueuedHandler@call"",""maxTries"":null,""maxExceptions"":null,""failOnTimeout"":false,""backoff"":null,""timeout"":null,""retryUntil"":null,""data"":{""commandName"":""Illuminate\\Notifications\\SendQueuedNotifications"",""command"":""O:48:\""Illuminate\\Notifications\\SendQueuedNotifications\"":3:{s:11:\""notifiables\"";O:45:\""Illuminate\\Contracts\\Database\\ModelIdentifier\"":5:{s:5:\""class\"";s:15:\""App\\Models\\User\"";s:2:\""id\"";a:1:{i:0;i:2;}s:9:\""relations\"";a:0:{}s:10:\""connection\"";s:5:\""mysql\"";s:15:\""collectionClass\"";N;}s:12:\""notification\"";O:46:\""App\\Notifications\\InvoiceGeneratedNotification\"":2:{s:7:\""invoice\"";O:45:\""Illuminate\\Contracts\\Database\\ModelIdentifier\"":5:{s:5:\""class\"";s:18:\""App\\Models\\Invoice\"";s:2:\""id\"";i:10;s:9:\""relations\"";a:0:{}s:10:\""connection\"";s:5:\""mysql\"";s:15:\""collectionClass\"";N;}s:2:\""id\"";s:36:\""55e9b6b1-c187-4bbf-98a6-59be820e2ccf\"";}s:8:\""channels\"";a:1:{i:0;s:8:\""database\"";}}""},""createdAt"":1751256702,""delay"":null}","0",NULL,"1751256702","1751256702"
"7","default","{""uuid"":""34ad655f-961d-496a-8692-ed40bc50247a"",""displayName"":""App\\Notifications\\InvoiceGeneratedNotification"",""job"":""Illuminate\\Queue\\CallQueuedHandler@call"",""maxTries"":null,""maxExceptions"":null,""failOnTimeout"":false,""backoff"":null,""timeout"":null,""retryUntil"":null,""data"":{""commandName"":""Illuminate\\Notifications\\SendQueuedNotifications"",""command"":""O:48:\""Illuminate\\Notifications\\SendQueuedNotifications\"":3:{s:11:\""notifiables\"";O:45:\""Illuminate\\Contracts\\Database\\ModelIdentifier\"":5:{s:5:\""class\"";s:15:\""App\\Models\\User\"";s:2:\""id\"";a:1:{i:0;i:2;}s:9:\""relations\"";a:0:{}s:10:\""connection\"";s:5:\""mysql\"";s:15:\""collectionClass\"";N;}s:12:\""notification\"";O:46:\""App\\Notifications\\InvoiceGeneratedNotification\"":2:{s:7:\""invoice\"";O:45:\""Illuminate\\Contracts\\Database\\ModelIdentifier\"":5:{s:5:\""class\"";s:18:\""App\\Models\\Invoice\"";s:2:\""id\"";i:11;s:9:\""relations\"";a:0:{}s:10:\""connection\"";s:5:\""mysql\"";s:15:\""collectionClass\"";N;}s:2:\""id\"";s:36:\""97fcf9b1-ee4d-4ea4-964a-3797ba9480d9\"";}s:8:\""channels\"";a:1:{i:0;s:4:\""mail\"";}}""},""createdAt"":1751256705,""delay"":null}","0",NULL,"1751256705","1751256705"
"8","default","{""uuid"":""e310030e-3c40-4bdf-891d-32c190ca96a1"",""displayName"":""App\\Notifications\\InvoiceGeneratedNotification"",""job"":""Illuminate\\Queue\\CallQueuedHandler@call"",""maxTries"":null,""maxExceptions"":null,""failOnTimeout"":false,""backoff"":null,""timeout"":null,""retryUntil"":null,""data"":{""commandName"":""Illuminate\\Notifications\\SendQueuedNotifications"",""command"":""O:48:\""Illuminate\\Notifications\\SendQueuedNotifications\"":3:{s:11:\""notifiables\"";O:45:\""Illuminate\\Contracts\\Database\\ModelIdentifier\"":5:{s:5:\""class\"";s:15:\""App\\Models\\User\"";s:2:\""id\"";a:1:{i:0;i:2;}s:9:\""relations\"";a:0:{}s:10:\""connection\"";s:5:\""mysql\"";s:15:\""collectionClass\"";N;}s:12:\""notification\"";O:46:\""App\\Notifications\\InvoiceGeneratedNotification\"":2:{s:7:\""invoice\"";O:45:\""Illuminate\\Contracts\\Database\\ModelIdentifier\"":5:{s:5:\""class\"";s:18:\""App\\Models\\Invoice\"";s:2:\""id\"";i:11;s:9:\""relations\"";a:0:{}s:10:\""connection\"";s:5:\""mysql\"";s:15:\""collectionClass\"";N;}s:2:\""id\"";s:36:\""97fcf9b1-ee4d-4ea4-964a-3797ba9480d9\"";}s:8:\""channels\"";a:1:{i:0;s:8:\""database\"";}}""},""createdAt"":1751256705,""delay"":null}","0",NULL,"1751256705","1751256705"
"9","default","{""uuid"":""298a0186-e273-4d7b-af42-7ce6a6eff510"",""displayName"":""App\\Notifications\\InvoiceGeneratedNotification"",""job"":""Illuminate\\Queue\\CallQueuedHandler@call"",""maxTries"":null,""maxExceptions"":null,""failOnTimeout"":false,""backoff"":null,""timeout"":null,""retryUntil"":null,""data"":{""commandName"":""Illuminate\\Notifications\\SendQueuedNotifications"",""command"":""O:48:\""Illuminate\\Notifications\\SendQueuedNotifications\"":3:{s:11:\""notifiables\"";O:45:\""Illuminate\\Contracts\\Database\\ModelIdentifier\"":5:{s:5:\""class\"";s:15:\""App\\Models\\User\"";s:2:\""id\"";a:1:{i:0;i:2;}s:9:\""relations\"";a:0:{}s:10:\""connection\"";s:5:\""mysql\"";s:15:\""collectionClass\"";N;}s:12:\""notification\"";O:46:\""App\\Notifications\\InvoiceGeneratedNotification\"":2:{s:7:\""invoice\"";O:45:\""Illuminate\\Contracts\\Database\\ModelIdentifier\"":5:{s:5:\""class\"";s:18:\""App\\Models\\Invoice\"";s:2:\""id\"";i:12;s:9:\""relations\"";a:0:{}s:10:\""connection\"";s:5:\""mysql\"";s:15:\""collectionClass\"";N;}s:2:\""id\"";s:36:\""f7512402-657e-4b7a-85dd-e24c8cbbdb00\"";}s:8:\""channels\"";a:1:{i:0;s:4:\""mail\"";}}""},""createdAt"":1751257790,""delay"":null}","0",NULL,"1751257790","1751257790"
"10","default","{""uuid"":""32035038-3076-4473-bea0-0f2ba6b02ae8"",""displayName"":""App\\Notifications\\InvoiceGeneratedNotification"",""job"":""Illuminate\\Queue\\CallQueuedHandler@call"",""maxTries"":null,""maxExceptions"":null,""failOnTimeout"":false,""backoff"":null,""timeout"":null,""retryUntil"":null,""data"":{""commandName"":""Illuminate\\Notifications\\SendQueuedNotifications"",""command"":""O:48:\""Illuminate\\Notifications\\SendQueuedNotifications\"":3:{s:11:\""notifiables\"";O:45:\""Illuminate\\Contracts\\Database\\ModelIdentifier\"":5:{s:5:\""class\"";s:15:\""App\\Models\\User\"";s:2:\""id\"";a:1:{i:0;i:2;}s:9:\""relations\"";a:0:{}s:10:\""connection\"";s:5:\""mysql\"";s:15:\""collectionClass\"";N;}s:12:\""notification\"";O:46:\""App\\Notifications\\InvoiceGeneratedNotification\"":2:{s:7:\""invoice\"";O:45:\""Illuminate\\Contracts\\Database\\ModelIdentifier\"":5:{s:5:\""class\"";s:18:\""App\\Models\\Invoice\"";s:2:\""id\"";i:12;s:9:\""relations\"";a:0:{}s:10:\""connection\"";s:5:\""mysql\"";s:15:\""collectionClass\"";N;}s:2:\""id\"";s:36:\""f7512402-657e-4b7a-85dd-e24c8cbbdb00\"";}s:8:\""channels\"";a:1:{i:0;s:8:\""database\"";}}""},""createdAt"":1751257790,""delay"":null}","0",NULL,"1751257790","1751257790"
"11","default","{""uuid"":""536b50fd-9642-46df-a995-00e53ec0d415"",""displayName"":""App\\Notifications\\InvoiceGeneratedNotification"",""job"":""Illuminate\\Queue\\CallQueuedHandler@call"",""maxTries"":null,""maxExceptions"":null,""failOnTimeout"":false,""backoff"":null,""timeout"":null,""retryUntil"":null,""data"":{""commandName"":""Illuminate\\Notifications\\SendQueuedNotifications"",""command"":""O:48:\""Illuminate\\Notifications\\SendQueuedNotifications\"":3:{s:11:\""notifiables\"";O:45:\""Illuminate\\Contracts\\Database\\ModelIdentifier\"":5:{s:5:\""class\"";s:15:\""App\\Models\\User\"";s:2:\""id\"";a:1:{i:0;i:2;}s:9:\""relations\"";a:0:{}s:10:\""connection\"";s:5:\""mysql\"";s:15:\""collectionClass\"";N;}s:12:\""notification\"";O:46:\""App\\Notifications\\InvoiceGeneratedNotification\"":2:{s:7:\""invoice\"";O:45:\""Illuminate\\Contracts\\Database\\ModelIdentifier\"":5:{s:5:\""class\"";s:18:\""App\\Models\\Invoice\"";s:2:\""id\"";i:13;s:9:\""relations\"";a:0:{}s:10:\""connection\"";s:5:\""mysql\"";s:15:\""collectionClass\"";N;}s:2:\""id\"";s:36:\""5fde9c0e-b6b3-40f7-aaa6-55bf686b4899\"";}s:8:\""channels\"";a:1:{i:0;s:4:\""mail\"";}}""},""createdAt"":1751257794,""delay"":null}","0",NULL,"1751257794","1751257794"
"12","default","{""uuid"":""4b5e175b-79c0-47de-938e-c0cb80f9f3ff"",""displayName"":""App\\Notifications\\InvoiceGeneratedNotification"",""job"":""Illuminate\\Queue\\CallQueuedHandler@call"",""maxTries"":null,""maxExceptions"":null,""failOnTimeout"":false,""backoff"":null,""timeout"":null,""retryUntil"":null,""data"":{""commandName"":""Illuminate\\Notifications\\SendQueuedNotifications"",""command"":""O:48:\""Illuminate\\Notifications\\SendQueuedNotifications\"":3:{s:11:\""notifiables\"";O:45:\""Illuminate\\Contracts\\Database\\ModelIdentifier\"":5:{s:5:\""class\"";s:15:\""App\\Models\\User\"";s:2:\""id\"";a:1:{i:0;i:2;}s:9:\""relations\"";a:0:{}s:10:\""connection\"";s:5:\""mysql\"";s:15:\""collectionClass\"";N;}s:12:\""notification\"";O:46:\""App\\Notifications\\InvoiceGeneratedNotification\"":2:{s:7:\""invoice\"";O:45:\""Illuminate\\Contracts\\Database\\ModelIdentifier\"":5:{s:5:\""class\"";s:18:\""App\\Models\\Invoice\"";s:2:\""id\"";i:13;s:9:\""relations\"";a:0:{}s:10:\""connection\"";s:5:\""mysql\"";s:15:\""collectionClass\"";N;}s:2:\""id\"";s:36:\""5fde9c0e-b6b3-40f7-aaa6-55bf686b4899\"";}s:8:\""channels\"";a:1:{i:0;s:8:\""database\"";}}""},""createdAt"":1751257794,""delay"":null}","0",NULL,"1751257794","1751257794"
"13","default","{""uuid"":""1ad600f0-9e04-4ad5-8fdd-ccc883273e86"",""displayName"":""App\\Notifications\\InvoiceGeneratedNotification"",""job"":""Illuminate\\Queue\\CallQueuedHandler@call"",""maxTries"":null,""maxExceptions"":null,""failOnTimeout"":false,""backoff"":null,""timeout"":null,""retryUntil"":null,""data"":{""commandName"":""Illuminate\\Notifications\\SendQueuedNotifications"",""command"":""O:48:\""Illuminate\\Notifications\\SendQueuedNotifications\"":3:{s:11:\""notifiables\"";O:45:\""Illuminate\\Contracts\\Database\\ModelIdentifier\"":5:{s:5:\""class\"";s:15:\""App\\Models\\User\"";s:2:\""id\"";a:1:{i:0;i:2;}s:9:\""relations\"";a:0:{}s:10:\""connection\"";s:5:\""mysql\"";s:15:\""collectionClass\"";N;}s:12:\""notification\"";O:46:\""App\\Notifications\\InvoiceGeneratedNotification\"":2:{s:7:\""invoice\"";O:45:\""Illuminate\\Contracts\\Database\\ModelIdentifier\"":5:{s:5:\""class\"";s:18:\""App\\Models\\Invoice\"";s:2:\""id\"";i:14;s:9:\""relations\"";a:0:{}s:10:\""connection\"";s:5:\""mysql\"";s:15:\""collectionClass\"";N;}s:2:\""id\"";s:36:\""11383531-3fb0-4d77-8a96-c972fd114900\"";}s:8:\""channels\"";a:1:{i:0;s:4:\""mail\"";}}""},""createdAt"":1751257964,""delay"":null}","0",NULL,"1751257964","1751257964"
"14","default","{""uuid"":""e47c90f8-0b5c-4217-8c5a-cc6165bcdb09"",""displayName"":""App\\Notifications\\InvoiceGeneratedNotification"",""job"":""Illuminate\\Queue\\CallQueuedHandler@call"",""maxTries"":null,""maxExceptions"":null,""failOnTimeout"":false,""backoff"":null,""timeout"":null,""retryUntil"":null,""data"":{""commandName"":""Illuminate\\Notifications\\SendQueuedNotifications"",""command"":""O:48:\""Illuminate\\Notifications\\SendQueuedNotifications\"":3:{s:11:\""notifiables\"";O:45:\""Illuminate\\Contracts\\Database\\ModelIdentifier\"":5:{s:5:\""class\"";s:15:\""App\\Models\\User\"";s:2:\""id\"";a:1:{i:0;i:2;}s:9:\""relations\"";a:0:{}s:10:\""connection\"";s:5:\""mysql\"";s:15:\""collectionClass\"";N;}s:12:\""notification\"";O:46:\""App\\Notifications\\InvoiceGeneratedNotification\"":2:{s:7:\""invoice\"";O:45:\""Illuminate\\Contracts\\Database\\ModelIdentifier\"":5:{s:5:\""class\"";s:18:\""App\\Models\\Invoice\"";s:2:\""id\"";i:14;s:9:\""relations\"";a:0:{}s:10:\""connection\"";s:5:\""mysql\"";s:15:\""collectionClass\"";N;}s:2:\""id\"";s:36:\""11383531-3fb0-4d77-8a96-c972fd114900\"";}s:8:\""channels\"";a:1:{i:0;s:8:\""database\"";}}""},""createdAt"":1751257964,""delay"":null}","0",NULL,"1751257964","1751257964"
"15","default","{""uuid"":""9befc6ff-cd1e-438d-b42e-7e6aaed12d2f"",""displayName"":""App\\Notifications\\InvoiceGeneratedNotification"",""job"":""Illuminate\\Queue\\CallQueuedHandler@call"",""maxTries"":null,""maxExceptions"":null,""failOnTimeout"":false,""backoff"":null,""timeout"":null,""retryUntil"":null,""data"":{""commandName"":""Illuminate\\Notifications\\SendQueuedNotifications"",""command"":""O:48:\""Illuminate\\Notifications\\SendQueuedNotifications\"":3:{s:11:\""notifiables\"";O:45:\""Illuminate\\Contracts\\Database\\ModelIdentifier\"":5:{s:5:\""class\"";s:15:\""App\\Models\\User\"";s:2:\""id\"";a:1:{i:0;i:3;}s:9:\""relations\"";a:0:{}s:10:\""connection\"";s:5:\""mysql\"";s:15:\""collectionClass\"";N;}s:12:\""notification\"";O:46:\""App\\Notifications\\InvoiceGeneratedNotification\"":2:{s:7:\""invoice\"";O:45:\""Illuminate\\Contracts\\Database\\ModelIdentifier\"":5:{s:5:\""class\"";s:18:\""App\\Models\\Invoice\"";s:2:\""id\"";i:15;s:9:\""relations\"";a:0:{}s:10:\""connection\"";s:5:\""mysql\"";s:15:\""collectionClass\"";N;}s:2:\""id\"";s:36:\""7316cbfd-7c81-4d7c-be83-fcc2df16a5be\"";}s:8:\""channels\"";a:1:{i:0;s:4:\""mail\"";}}""},""createdAt"":1751257964,""delay"":null}","0",NULL,"1751257964","1751257964"
"16","default","{""uuid"":""415c0047-a33d-4f77-a606-9c78ed93d742"",""displayName"":""App\\Notifications\\InvoiceGeneratedNotification"",""job"":""Illuminate\\Queue\\CallQueuedHandler@call"",""maxTries"":null,""maxExceptions"":null,""failOnTimeout"":false,""backoff"":null,""timeout"":null,""retryUntil"":null,""data"":{""commandName"":""Illuminate\\Notifications\\SendQueuedNotifications"",""command"":""O:48:\""Illuminate\\Notifications\\SendQueuedNotifications\"":3:{s:11:\""notifiables\"";O:45:\""Illuminate\\Contracts\\Database\\ModelIdentifier\"":5:{s:5:\""class\"";s:15:\""App\\Models\\User\"";s:2:\""id\"";a:1:{i:0;i:3;}s:9:\""relations\"";a:0:{}s:10:\""connection\"";s:5:\""mysql\"";s:15:\""collectionClass\"";N;}s:12:\""notification\"";O:46:\""App\\Notifications\\InvoiceGeneratedNotification\"":2:{s:7:\""invoice\"";O:45:\""Illuminate\\Contracts\\Database\\ModelIdentifier\"":5:{s:5:\""class\"";s:18:\""App\\Models\\Invoice\"";s:2:\""id\"";i:15;s:9:\""relations\"";a:0:{}s:10:\""connection\"";s:5:\""mysql\"";s:15:\""collectionClass\"";N;}s:2:\""id\"";s:36:\""7316cbfd-7c81-4d7c-be83-fcc2df16a5be\"";}s:8:\""channels\"";a:1:{i:0;s:8:\""database\"";}}""},""createdAt"":1751257964,""delay"":null}","0",NULL,"1751257964","1751257964"
"17","default","{""uuid"":""3cddb2bb-0722-4697-a00e-b05775a03baf"",""displayName"":""App\\Notifications\\InvoiceGeneratedNotification"",""job"":""Illuminate\\Queue\\CallQueuedHandler@call"",""maxTries"":null,""maxExceptions"":null,""failOnTimeout"":false,""backoff"":null,""timeout"":null,""retryUntil"":null,""data"":{""commandName"":""Illuminate\\Notifications\\SendQueuedNotifications"",""command"":""O:48:\""Illuminate\\Notifications\\SendQueuedNotifications\"":3:{s:11:\""notifiables\"";O:45:\""Illuminate\\Contracts\\Database\\ModelIdentifier\"":5:{s:5:\""class\"";s:15:\""App\\Models\\User\"";s:2:\""id\"";a:1:{i:0;i:5;}s:9:\""relations\"";a:0:{}s:10:\""connection\"";s:5:\""mysql\"";s:15:\""collectionClass\"";N;}s:12:\""notification\"";O:46:\""App\\Notifications\\InvoiceGeneratedNotification\"":2:{s:7:\""invoice\"";O:45:\""Illuminate\\Contracts\\Database\\ModelIdentifier\"":5:{s:5:\""class\"";s:18:\""App\\Models\\Invoice\"";s:2:\""id\"";i:16;s:9:\""relations\"";a:0:{}s:10:\""connection\"";s:5:\""mysql\"";s:15:\""collectionClass\"";N;}s:2:\""id\"";s:36:\""58a25eea-c2e9-4841-becb-b0432133a679\"";}s:8:\""channels\"";a:1:{i:0;s:4:\""mail\"";}}""},""createdAt"":1751257964,""delay"":null}","0",NULL,"1751257964","1751257964"
"18","default","{""uuid"":""635a26ec-77f1-489a-a075-41c2ff9c7e77"",""displayName"":""App\\Notifications\\InvoiceGeneratedNotification"",""job"":""Illuminate\\Queue\\CallQueuedHandler@call"",""maxTries"":null,""maxExceptions"":null,""failOnTimeout"":false,""backoff"":null,""timeout"":null,""retryUntil"":null,""data"":{""commandName"":""Illuminate\\Notifications\\SendQueuedNotifications"",""command"":""O:48:\""Illuminate\\Notifications\\SendQueuedNotifications\"":3:{s:11:\""notifiables\"";O:45:\""Illuminate\\Contracts\\Database\\ModelIdentifier\"":5:{s:5:\""class\"";s:15:\""App\\Models\\User\"";s:2:\""id\"";a:1:{i:0;i:5;}s:9:\""relations\"";a:0:{}s:10:\""connection\"";s:5:\""mysql\"";s:15:\""collectionClass\"";N;}s:12:\""notification\"";O:46:\""App\\Notifications\\InvoiceGeneratedNotification\"":2:{s:7:\""invoice\"";O:45:\""Illuminate\\Contracts\\Database\\ModelIdentifier\"":5:{s:5:\""class\"";s:18:\""App\\Models\\Invoice\"";s:2:\""id\"";i:16;s:9:\""relations\"";a:0:{}s:10:\""connection\"";s:5:\""mysql\"";s:15:\""collectionClass\"";N;}s:2:\""id\"";s:36:\""58a25eea-c2e9-4841-becb-b0432133a679\"";}s:8:\""channels\"";a:1:{i:0;s:8:\""database\"";}}""},""createdAt"":1751257964,""delay"":null}","0",NULL,"1751257964","1751257964"
"19","default","{""uuid"":""15f101de-b61e-41b9-a0a4-ad6836938fac"",""displayName"":""App\\Notifications\\InvoiceGeneratedNotification"",""job"":""Illuminate\\Queue\\CallQueuedHandler@call"",""maxTries"":null,""maxExceptions"":null,""failOnTimeout"":false,""backoff"":null,""timeout"":null,""retryUntil"":null,""data"":{""commandName"":""Illuminate\\Notifications\\SendQueuedNotifications"",""command"":""O:48:\""Illuminate\\Notifications\\SendQueuedNotifications\"":3:{s:11:\""notifiables\"";O:45:\""Illuminate\\Contracts\\Database\\ModelIdentifier\"":5:{s:5:\""class\"";s:15:\""App\\Models\\User\"";s:2:\""id\"";a:1:{i:0;i:2;}s:9:\""relations\"";a:0:{}s:10:\""connection\"";s:5:\""mysql\"";s:15:\""collectionClass\"";N;}s:12:\""notification\"";O:46:\""App\\Notifications\\InvoiceGeneratedNotification\"":2:{s:7:\""invoice\"";O:45:\""Illuminate\\Contracts\\Database\\ModelIdentifier\"":5:{s:5:\""class\"";s:18:\""App\\Models\\Invoice\"";s:2:\""id\"";i:17;s:9:\""relations\"";a:0:{}s:10:\""connection\"";s:5:\""mysql\"";s:15:\""collectionClass\"";N;}s:2:\""id\"";s:36:\""fd7ef7f4-908b-4770-8888-a9808316f730\"";}s:8:\""channels\"";a:1:{i:0;s:4:\""mail\"";}}""},""createdAt"":1751258020,""delay"":null}","0",NULL,"1751258020","1751258020"
"20","default","{""uuid"":""93bd6aca-46c6-4fe7-b321-3a73f61e7fcf"",""displayName"":""App\\Notifications\\InvoiceGeneratedNotification"",""job"":""Illuminate\\Queue\\CallQueuedHandler@call"",""maxTries"":null,""maxExceptions"":null,""failOnTimeout"":false,""backoff"":null,""timeout"":null,""retryUntil"":null,""data"":{""commandName"":""Illuminate\\Notifications\\SendQueuedNotifications"",""command"":""O:48:\""Illuminate\\Notifications\\SendQueuedNotifications\"":3:{s:11:\""notifiables\"";O:45:\""Illuminate\\Contracts\\Database\\ModelIdentifier\"":5:{s:5:\""class\"";s:15:\""App\\Models\\User\"";s:2:\""id\"";a:1:{i:0;i:2;}s:9:\""relations\"";a:0:{}s:10:\""connection\"";s:5:\""mysql\"";s:15:\""collectionClass\"";N;}s:12:\""notification\"";O:46:\""App\\Notifications\\InvoiceGeneratedNotification\"":2:{s:7:\""invoice\"";O:45:\""Illuminate\\Contracts\\Database\\ModelIdentifier\"":5:{s:5:\""class\"";s:18:\""App\\Models\\Invoice\"";s:2:\""id\"";i:17;s:9:\""relations\"";a:0:{}s:10:\""connection\"";s:5:\""mysql\"";s:15:\""collectionClass\"";N;}s:2:\""id\"";s:36:\""fd7ef7f4-908b-4770-8888-a9808316f730\"";}s:8:\""channels\"";a:1:{i:0;s:8:\""database\"";}}""},""createdAt"":1751258020,""delay"":null}","0",NULL,"1751258020","1751258020"
"21","default","{""uuid"":""6b167af2-54d5-421d-b3ab-ab880fc8611a"",""displayName"":""App\\Notifications\\InvoiceGeneratedNotification"",""job"":""Illuminate\\Queue\\CallQueuedHandler@call"",""maxTries"":null,""maxExceptions"":null,""failOnTimeout"":false,""backoff"":null,""timeout"":null,""retryUntil"":null,""data"":{""commandName"":""Illuminate\\Notifications\\SendQueuedNotifications"",""command"":""O:48:\""Illuminate\\Notifications\\SendQueuedNotifications\"":3:{s:11:\""notifiables\"";O:45:\""Illuminate\\Contracts\\Database\\ModelIdentifier\"":5:{s:5:\""class\"";s:15:\""App\\Models\\User\"";s:2:\""id\"";a:1:{i:0;i:3;}s:9:\""relations\"";a:0:{}s:10:\""connection\"";s:5:\""mysql\"";s:15:\""collectionClass\"";N;}s:12:\""notification\"";O:46:\""App\\Notifications\\InvoiceGeneratedNotification\"":2:{s:7:\""invoice\"";O:45:\""Illuminate\\Contracts\\Database\\ModelIdentifier\"":5:{s:5:\""class\"";s:18:\""App\\Models\\Invoice\"";s:2:\""id\"";i:18;s:9:\""relations\"";a:0:{}s:10:\""connection\"";s:5:\""mysql\"";s:15:\""collectionClass\"";N;}s:2:\""id\"";s:36:\""d6a7a1c5-1109-4849-b8da-b4901f430128\"";}s:8:\""channels\"";a:1:{i:0;s:4:\""mail\"";}}""},""createdAt"":1751258020,""delay"":null}","0",NULL,"1751258020","1751258020"
"22","default","{""uuid"":""73eb98fb-9504-4f1e-b9b7-b2bed8cba3d8"",""displayName"":""App\\Notifications\\InvoiceGeneratedNotification"",""job"":""Illuminate\\Queue\\CallQueuedHandler@call"",""maxTries"":null,""maxExceptions"":null,""failOnTimeout"":false,""backoff"":null,""timeout"":null,""retryUntil"":null,""data"":{""commandName"":""Illuminate\\Notifications\\SendQueuedNotifications"",""command"":""O:48:\""Illuminate\\Notifications\\SendQueuedNotifications\"":3:{s:11:\""notifiables\"";O:45:\""Illuminate\\Contracts\\Database\\ModelIdentifier\"":5:{s:5:\""class\"";s:15:\""App\\Models\\User\"";s:2:\""id\"";a:1:{i:0;i:3;}s:9:\""relations\"";a:0:{}s:10:\""connection\"";s:5:\""mysql\"";s:15:\""collectionClass\"";N;}s:12:\""notification\"";O:46:\""App\\Notifications\\InvoiceGeneratedNotification\"":2:{s:7:\""invoice\"";O:45:\""Illuminate\\Contracts\\Database\\ModelIdentifier\"":5:{s:5:\""class\"";s:18:\""App\\Models\\Invoice\"";s:2:\""id\"";i:18;s:9:\""relations\"";a:0:{}s:10:\""connection\"";s:5:\""mysql\"";s:15:\""collectionClass\"";N;}s:2:\""id\"";s:36:\""d6a7a1c5-1109-4849-b8da-b4901f430128\"";}s:8:\""channels\"";a:1:{i:0;s:8:\""database\"";}}""},""createdAt"":1751258020,""delay"":null}","0",NULL,"1751258020","1751258020"
"23","default","{""uuid"":""60472e7a-d857-454d-97b8-498762b5401e"",""displayName"":""App\\Notifications\\InvoiceGeneratedNotification"",""job"":""Illuminate\\Queue\\CallQueuedHandler@call"",""maxTries"":null,""maxExceptions"":null,""failOnTimeout"":false,""backoff"":null,""timeout"":null,""retryUntil"":null,""data"":{""commandName"":""Illuminate\\Notifications\\SendQueuedNotifications"",""command"":""O:48:\""Illuminate\\Notifications\\SendQueuedNotifications\"":3:{s:11:\""notifiables\"";O:45:\""Illuminate\\Contracts\\Database\\ModelIdentifier\"":5:{s:5:\""class\"";s:15:\""App\\Models\\User\"";s:2:\""id\"";a:1:{i:0;i:5;}s:9:\""relations\"";a:0:{}s:10:\""connection\"";s:5:\""mysql\"";s:15:\""collectionClass\"";N;}s:12:\""notification\"";O:46:\""App\\Notifications\\InvoiceGeneratedNotification\"":2:{s:7:\""invoice\"";O:45:\""Illuminate\\Contracts\\Database\\ModelIdentifier\"":5:{s:5:\""class\"";s:18:\""App\\Models\\Invoice\"";s:2:\""id\"";i:19;s:9:\""relations\"";a:0:{}s:10:\""connection\"";s:5:\""mysql\"";s:15:\""collectionClass\"";N;}s:2:\""id\"";s:36:\""bf022bfd-27a8-4277-8638-a6a741bb5981\"";}s:8:\""channels\"";a:1:{i:0;s:4:\""mail\"";}}""},""createdAt"":1751258020,""delay"":null}","0",NULL,"1751258020","1751258020"
"24","default","{""uuid"":""a43921f3-75b1-44a8-9606-4c1e17c3b413"",""displayName"":""App\\Notifications\\InvoiceGeneratedNotification"",""job"":""Illuminate\\Queue\\CallQueuedHandler@call"",""maxTries"":null,""maxExceptions"":null,""failOnTimeout"":false,""backoff"":null,""timeout"":null,""retryUntil"":null,""data"":{""commandName"":""Illuminate\\Notifications\\SendQueuedNotifications"",""command"":""O:48:\""Illuminate\\Notifications\\SendQueuedNotifications\"":3:{s:11:\""notifiables\"";O:45:\""Illuminate\\Contracts\\Database\\ModelIdentifier\"":5:{s:5:\""class\"";s:15:\""App\\Models\\User\"";s:2:\""id\"";a:1:{i:0;i:5;}s:9:\""relations\"";a:0:{}s:10:\""connection\"";s:5:\""mysql\"";s:15:\""collectionClass\"";N;}s:12:\""notification\"";O:46:\""App\\Notifications\\InvoiceGeneratedNotification\"":2:{s:7:\""invoice\"";O:45:\""Illuminate\\Contracts\\Database\\ModelIdentifier\"":5:{s:5:\""class\"";s:18:\""App\\Models\\Invoice\"";s:2:\""id\"";i:19;s:9:\""relations\"";a:0:{}s:10:\""connection\"";s:5:\""mysql\"";s:15:\""collectionClass\"";N;}s:2:\""id\"";s:36:\""bf022bfd-27a8-4277-8638-a6a741bb5981\"";}s:8:\""channels\"";a:1:{i:0;s:8:\""database\"";}}""},""createdAt"":1751258020,""delay"":null}","0",NULL,"1751258020","1751258020"
"25","default","{""uuid"":""b1518b38-f604-4adc-9283-2d817157009c"",""displayName"":""App\\Notifications\\InvoiceGeneratedNotification"",""job"":""Illuminate\\Queue\\CallQueuedHandler@call"",""maxTries"":null,""maxExceptions"":null,""failOnTimeout"":false,""backoff"":null,""timeout"":null,""retryUntil"":null,""data"":{""commandName"":""Illuminate\\Notifications\\SendQueuedNotifications"",""command"":""O:48:\""Illuminate\\Notifications\\SendQueuedNotifications\"":3:{s:11:\""notifiables\"";O:45:\""Illuminate\\Contracts\\Database\\ModelIdentifier\"":5:{s:5:\""class\"";s:15:\""App\\Models\\User\"";s:2:\""id\"";a:1:{i:0;i:2;}s:9:\""relations\"";a:0:{}s:10:\""connection\"";s:5:\""mysql\"";s:15:\""collectionClass\"";N;}s:12:\""notification\"";O:46:\""App\\Notifications\\InvoiceGeneratedNotification\"":2:{s:7:\""invoice\"";O:45:\""Illuminate\\Contracts\\Database\\ModelIdentifier\"":5:{s:5:\""class\"";s:18:\""App\\Models\\Invoice\"";s:2:\""id\"";i:20;s:9:\""relations\"";a:0:{}s:10:\""connection\"";s:5:\""mysql\"";s:15:\""collectionClass\"";N;}s:2:\""id\"";s:36:\""00f80a71-97e9-472d-99a1-d40e4e67b8ee\"";}s:8:\""channels\"";a:1:{i:0;s:4:\""mail\"";}}""},""createdAt"":1751258056,""delay"":null}","0",NULL,"1751258056","1751258056"
"26","default","{""uuid"":""44c11598-864b-4167-89da-e3d4e2e748b2"",""displayName"":""App\\Notifications\\InvoiceGeneratedNotification"",""job"":""Illuminate\\Queue\\CallQueuedHandler@call"",""maxTries"":null,""maxExceptions"":null,""failOnTimeout"":false,""backoff"":null,""timeout"":null,""retryUntil"":null,""data"":{""commandName"":""Illuminate\\Notifications\\SendQueuedNotifications"",""command"":""O:48:\""Illuminate\\Notifications\\SendQueuedNotifications\"":3:{s:11:\""notifiables\"";O:45:\""Illuminate\\Contracts\\Database\\ModelIdentifier\"":5:{s:5:\""class\"";s:15:\""App\\Models\\User\"";s:2:\""id\"";a:1:{i:0;i:2;}s:9:\""relations\"";a:0:{}s:10:\""connection\"";s:5:\""mysql\"";s:15:\""collectionClass\"";N;}s:12:\""notification\"";O:46:\""App\\Notifications\\InvoiceGeneratedNotification\"":2:{s:7:\""invoice\"";O:45:\""Illuminate\\Contracts\\Database\\ModelIdentifier\"":5:{s:5:\""class\"";s:18:\""App\\Models\\Invoice\"";s:2:\""id\"";i:20;s:9:\""relations\"";a:0:{}s:10:\""connection\"";s:5:\""mysql\"";s:15:\""collectionClass\"";N;}s:2:\""id\"";s:36:\""00f80a71-97e9-472d-99a1-d40e4e67b8ee\"";}s:8:\""channels\"";a:1:{i:0;s:8:\""database\"";}}""},""createdAt"":1751258056,""delay"":null}","0",NULL,"1751258056","1751258056"
"27","default","{""uuid"":""5e0a9a69-bdbe-4057-93a3-566ee3970b2c"",""displayName"":""App\\Notifications\\InvoiceGeneratedNotification"",""job"":""Illuminate\\Queue\\CallQueuedHandler@call"",""maxTries"":null,""maxExceptions"":null,""failOnTimeout"":false,""backoff"":null,""timeout"":null,""retryUntil"":null,""data"":{""commandName"":""Illuminate\\Notifications\\SendQueuedNotifications"",""command"":""O:48:\""Illuminate\\Notifications\\SendQueuedNotifications\"":3:{s:11:\""notifiables\"";O:45:\""Illuminate\\Contracts\\Database\\ModelIdentifier\"":5:{s:5:\""class\"";s:15:\""App\\Models\\User\"";s:2:\""id\"";a:1:{i:0;i:3;}s:9:\""relations\"";a:0:{}s:10:\""connection\"";s:5:\""mysql\"";s:15:\""collectionClass\"";N;}s:12:\""notification\"";O:46:\""App\\Notifications\\InvoiceGeneratedNotification\"":2:{s:7:\""invoice\"";O:45:\""Illuminate\\Contracts\\Database\\ModelIdentifier\"":5:{s:5:\""class\"";s:18:\""App\\Models\\Invoice\"";s:2:\""id\"";i:21;s:9:\""relations\"";a:0:{}s:10:\""connection\"";s:5:\""mysql\"";s:15:\""collectionClass\"";N;}s:2:\""id\"";s:36:\""87e245bf-56da-4c33-8a85-a0c296bdfec7\"";}s:8:\""channels\"";a:1:{i:0;s:4:\""mail\"";}}""},""createdAt"":1751258056,""delay"":null}","0",NULL,"1751258056","1751258056"
"28","default","{""uuid"":""5e1915e2-94ad-46fc-9f6f-735db480832b"",""displayName"":""App\\Notifications\\InvoiceGeneratedNotification"",""job"":""Illuminate\\Queue\\CallQueuedHandler@call"",""maxTries"":null,""maxExceptions"":null,""failOnTimeout"":false,""backoff"":null,""timeout"":null,""retryUntil"":null,""data"":{""commandName"":""Illuminate\\Notifications\\SendQueuedNotifications"",""command"":""O:48:\""Illuminate\\Notifications\\SendQueuedNotifications\"":3:{s:11:\""notifiables\"";O:45:\""Illuminate\\Contracts\\Database\\ModelIdentifier\"":5:{s:5:\""class\"";s:15:\""App\\Models\\User\"";s:2:\""id\"";a:1:{i:0;i:3;}s:9:\""relations\"";a:0:{}s:10:\""connection\"";s:5:\""mysql\"";s:15:\""collectionClass\"";N;}s:12:\""notification\"";O:46:\""App\\Notifications\\InvoiceGeneratedNotification\"":2:{s:7:\""invoice\"";O:45:\""Illuminate\\Contracts\\Database\\ModelIdentifier\"":5:{s:5:\""class\"";s:18:\""App\\Models\\Invoice\"";s:2:\""id\"";i:21;s:9:\""relations\"";a:0:{}s:10:\""connection\"";s:5:\""mysql\"";s:15:\""collectionClass\"";N;}s:2:\""id\"";s:36:\""87e245bf-56da-4c33-8a85-a0c296bdfec7\"";}s:8:\""channels\"";a:1:{i:0;s:8:\""database\"";}}""},""createdAt"":1751258056,""delay"":null}","0",NULL,"1751258056","1751258056"
"29","default","{""uuid"":""f5e06707-8ba8-4383-b5ee-e787d60d7967"",""displayName"":""App\\Notifications\\InvoiceGeneratedNotification"",""job"":""Illuminate\\Queue\\CallQueuedHandler@call"",""maxTries"":null,""maxExceptions"":null,""failOnTimeout"":false,""backoff"":null,""timeout"":null,""retryUntil"":null,""data"":{""commandName"":""Illuminate\\Notifications\\SendQueuedNotifications"",""command"":""O:48:\""Illuminate\\Notifications\\SendQueuedNotifications\"":3:{s:11:\""notifiables\"";O:45:\""Illuminate\\Contracts\\Database\\ModelIdentifier\"":5:{s:5:\""class\"";s:15:\""App\\Models\\User\"";s:2:\""id\"";a:1:{i:0;i:5;}s:9:\""relations\"";a:0:{}s:10:\""connection\"";s:5:\""mysql\"";s:15:\""collectionClass\"";N;}s:12:\""notification\"";O:46:\""App\\Notifications\\InvoiceGeneratedNotification\"":2:{s:7:\""invoice\"";O:45:\""Illuminate\\Contracts\\Database\\ModelIdentifier\"":5:{s:5:\""class\"";s:18:\""App\\Models\\Invoice\"";s:2:\""id\"";i:22;s:9:\""relations\"";a:0:{}s:10:\""connection\"";s:5:\""mysql\"";s:15:\""collectionClass\"";N;}s:2:\""id\"";s:36:\""8554b7cc-894c-481a-b1a3-d345670c25ad\"";}s:8:\""channels\"";a:1:{i:0;s:4:\""mail\"";}}""},""createdAt"":1751258056,""delay"":null}","0",NULL,"1751258056","1751258056"
"30","default","{""uuid"":""1671ac58-81a7-454b-a33c-0f18b110e452"",""displayName"":""App\\Notifications\\InvoiceGeneratedNotification"",""job"":""Illuminate\\Queue\\CallQueuedHandler@call"",""maxTries"":null,""maxExceptions"":null,""failOnTimeout"":false,""backoff"":null,""timeout"":null,""retryUntil"":null,""data"":{""commandName"":""Illuminate\\Notifications\\SendQueuedNotifications"",""command"":""O:48:\""Illuminate\\Notifications\\SendQueuedNotifications\"":3:{s:11:\""notifiables\"";O:45:\""Illuminate\\Contracts\\Database\\ModelIdentifier\"":5:{s:5:\""class\"";s:15:\""App\\Models\\User\"";s:2:\""id\"";a:1:{i:0;i:5;}s:9:\""relations\"";a:0:{}s:10:\""connection\"";s:5:\""mysql\"";s:15:\""collectionClass\"";N;}s:12:\""notification\"";O:46:\""App\\Notifications\\InvoiceGeneratedNotification\"":2:{s:7:\""invoice\"";O:45:\""Illuminate\\Contracts\\Database\\ModelIdentifier\"":5:{s:5:\""class\"";s:18:\""App\\Models\\Invoice\"";s:2:\""id\"";i:22;s:9:\""relations\"";a:0:{}s:10:\""connection\"";s:5:\""mysql\"";s:15:\""collectionClass\"";N;}s:2:\""id\"";s:36:\""8554b7cc-894c-481a-b1a3-d345670c25ad\"";}s:8:\""channels\"";a:1:{i:0;s:8:\""database\"";}}""},""createdAt"":1751258056,""delay"":null}","0",NULL,"1751258056","1751258056"
"31","default","{""uuid"":""898c6aa4-86f2-4717-8f2e-ed26b2e972fc"",""displayName"":""App\\Notifications\\InvoiceGeneratedNotification"",""job"":""Illuminate\\Queue\\CallQueuedHandler@call"",""maxTries"":null,""maxExceptions"":null,""failOnTimeout"":false,""backoff"":null,""timeout"":null,""retryUntil"":null,""data"":{""commandName"":""Illuminate\\Notifications\\SendQueuedNotifications"",""command"":""O:48:\""Illuminate\\Notifications\\SendQueuedNotifications\"":3:{s:11:\""notifiables\"";O:45:\""Illuminate\\Contracts\\Database\\ModelIdentifier\"":5:{s:5:\""class\"";s:15:\""App\\Models\\User\"";s:2:\""id\"";a:1:{i:0;i:2;}s:9:\""relations\"";a:0:{}s:10:\""connection\"";s:5:\""mysql\"";s:15:\""collectionClass\"";N;}s:12:\""notification\"";O:46:\""App\\Notifications\\InvoiceGeneratedNotification\"":2:{s:7:\""invoice\"";O:45:\""Illuminate\\Contracts\\Database\\ModelIdentifier\"":5:{s:5:\""class\"";s:18:\""App\\Models\\Invoice\"";s:2:\""id\"";i:1;s:9:\""relations\"";a:0:{}s:10:\""connection\"";s:5:\""mysql\"";s:15:\""collectionClass\"";N;}s:2:\""id\"";s:36:\""01a858cf-3173-43b9-9eea-51ffff2b0c7f\"";}s:8:\""channels\"";a:1:{i:0;s:4:\""mail\"";}}""},""createdAt"":1751258516,""delay"":null}","0",NULL,"1751258516","1751258516"
"32","default","{""uuid"":""6939997b-1fbf-4ffe-ae88-4dba8e0df641"",""displayName"":""App\\Notifications\\InvoiceGeneratedNotification"",""job"":""Illuminate\\Queue\\CallQueuedHandler@call"",""maxTries"":null,""maxExceptions"":null,""failOnTimeout"":false,""backoff"":null,""timeout"":null,""retryUntil"":null,""data"":{""commandName"":""Illuminate\\Notifications\\SendQueuedNotifications"",""command"":""O:48:\""Illuminate\\Notifications\\SendQueuedNotifications\"":3:{s:11:\""notifiables\"";O:45:\""Illuminate\\Contracts\\Database\\ModelIdentifier\"":5:{s:5:\""class\"";s:15:\""App\\Models\\User\"";s:2:\""id\"";a:1:{i:0;i:2;}s:9:\""relations\"";a:0:{}s:10:\""connection\"";s:5:\""mysql\"";s:15:\""collectionClass\"";N;}s:12:\""notification\"";O:46:\""App\\Notifications\\InvoiceGeneratedNotification\"":2:{s:7:\""invoice\"";O:45:\""Illuminate\\Contracts\\Database\\ModelIdentifier\"":5:{s:5:\""class\"";s:18:\""App\\Models\\Invoice\"";s:2:\""id\"";i:1;s:9:\""relations\"";a:0:{}s:10:\""connection\"";s:5:\""mysql\"";s:15:\""collectionClass\"";N;}s:2:\""id\"";s:36:\""01a858cf-3173-43b9-9eea-51ffff2b0c7f\"";}s:8:\""channels\"";a:1:{i:0;s:8:\""database\"";}}""},""createdAt"":1751258516,""delay"":null}","0",NULL,"1751258516","1751258516"
"33","default","{""uuid"":""5047a199-e2a2-4e8e-a1df-fc00cc21798b"",""displayName"":""App\\Notifications\\InvoiceGeneratedNotification"",""job"":""Illuminate\\Queue\\CallQueuedHandler@call"",""maxTries"":null,""maxExceptions"":null,""failOnTimeout"":false,""backoff"":null,""timeout"":null,""retryUntil"":null,""data"":{""commandName"":""Illuminate\\Notifications\\SendQueuedNotifications"",""command"":""O:48:\""Illuminate\\Notifications\\SendQueuedNotifications\"":3:{s:11:\""notifiables\"";O:45:\""Illuminate\\Contracts\\Database\\ModelIdentifier\"":5:{s:5:\""class\"";s:15:\""App\\Models\\User\"";s:2:\""id\"";a:1:{i:0;i:3;}s:9:\""relations\"";a:0:{}s:10:\""connection\"";s:5:\""mysql\"";s:15:\""collectionClass\"";N;}s:12:\""notification\"";O:46:\""App\\Notifications\\InvoiceGeneratedNotification\"":2:{s:7:\""invoice\"";O:45:\""Illuminate\\Contracts\\Database\\ModelIdentifier\"":5:{s:5:\""class\"";s:18:\""App\\Models\\Invoice\"";s:2:\""id\"";i:2;s:9:\""relations\"";a:0:{}s:10:\""connection\"";s:5:\""mysql\"";s:15:\""collectionClass\"";N;}s:2:\""id\"";s:36:\""7c3f3dce-c18c-4d60-ad97-a553a0e975f5\"";}s:8:\""channels\"";a:1:{i:0;s:4:\""mail\"";}}""},""createdAt"":1751258516,""delay"":null}","0",NULL,"1751258516","1751258516"
"34","default","{""uuid"":""e3b994f8-7e41-4808-881f-f04537cb901a"",""displayName"":""App\\Notifications\\InvoiceGeneratedNotification"",""job"":""Illuminate\\Queue\\CallQueuedHandler@call"",""maxTries"":null,""maxExceptions"":null,""failOnTimeout"":false,""backoff"":null,""timeout"":null,""retryUntil"":null,""data"":{""commandName"":""Illuminate\\Notifications\\SendQueuedNotifications"",""command"":""O:48:\""Illuminate\\Notifications\\SendQueuedNotifications\"":3:{s:11:\""notifiables\"";O:45:\""Illuminate\\Contracts\\Database\\ModelIdentifier\"":5:{s:5:\""class\"";s:15:\""App\\Models\\User\"";s:2:\""id\"";a:1:{i:0;i:3;}s:9:\""relations\"";a:0:{}s:10:\""connection\"";s:5:\""mysql\"";s:15:\""collectionClass\"";N;}s:12:\""notification\"";O:46:\""App\\Notifications\\InvoiceGeneratedNotification\"":2:{s:7:\""invoice\"";O:45:\""Illuminate\\Contracts\\Database\\ModelIdentifier\"":5:{s:5:\""class\"";s:18:\""App\\Models\\Invoice\"";s:2:\""id\"";i:2;s:9:\""relations\"";a:0:{}s:10:\""connection\"";s:5:\""mysql\"";s:15:\""collectionClass\"";N;}s:2:\""id\"";s:36:\""7c3f3dce-c18c-4d60-ad97-a553a0e975f5\"";}s:8:\""channels\"";a:1:{i:0;s:8:\""database\"";}}""},""createdAt"":1751258516,""delay"":null}","0",NULL,"1751258516","1751258516"
"35","default","{""uuid"":""c806b095-4c3f-4053-9539-21b8933f0e76"",""displayName"":""App\\Notifications\\InvoiceGeneratedNotification"",""job"":""Illuminate\\Queue\\CallQueuedHandler@call"",""maxTries"":null,""maxExceptions"":null,""failOnTimeout"":false,""backoff"":null,""timeout"":null,""retryUntil"":null,""data"":{""commandName"":""Illuminate\\Notifications\\SendQueuedNotifications"",""command"":""O:48:\""Illuminate\\Notifications\\SendQueuedNotifications\"":3:{s:11:\""notifiables\"";O:45:\""Illuminate\\Contracts\\Database\\ModelIdentifier\"":5:{s:5:\""class\"";s:15:\""App\\Models\\User\"";s:2:\""id\"";a:1:{i:0;i:5;}s:9:\""relations\"";a:0:{}s:10:\""connection\"";s:5:\""mysql\"";s:15:\""collectionClass\"";N;}s:12:\""notification\"";O:46:\""App\\Notifications\\InvoiceGeneratedNotification\"":2:{s:7:\""invoice\"";O:45:\""Illuminate\\Contracts\\Database\\ModelIdentifier\"":5:{s:5:\""class\"";s:18:\""App\\Models\\Invoice\"";s:2:\""id\"";i:3;s:9:\""relations\"";a:0:{}s:10:\""connection\"";s:5:\""mysql\"";s:15:\""collectionClass\"";N;}s:2:\""id\"";s:36:\""8a51f2a0-5bd3-46df-b292-4f2dad004c4c\"";}s:8:\""channels\"";a:1:{i:0;s:4:\""mail\"";}}""},""createdAt"":1751258516,""delay"":null}","0",NULL,"1751258516","1751258516"
"36","default","{""uuid"":""14415bf1-6052-4b73-98ee-9d8f13c331e9"",""displayName"":""App\\Notifications\\InvoiceGeneratedNotification"",""job"":""Illuminate\\Queue\\CallQueuedHandler@call"",""maxTries"":null,""maxExceptions"":null,""failOnTimeout"":false,""backoff"":null,""timeout"":null,""retryUntil"":null,""data"":{""commandName"":""Illuminate\\Notifications\\SendQueuedNotifications"",""command"":""O:48:\""Illuminate\\Notifications\\SendQueuedNotifications\"":3:{s:11:\""notifiables\"";O:45:\""Illuminate\\Contracts\\Database\\ModelIdentifier\"":5:{s:5:\""class\"";s:15:\""App\\Models\\User\"";s:2:\""id\"";a:1:{i:0;i:5;}s:9:\""relations\"";a:0:{}s:10:\""connection\"";s:5:\""mysql\"";s:15:\""collectionClass\"";N;}s:12:\""notification\"";O:46:\""App\\Notifications\\InvoiceGeneratedNotification\"":2:{s:7:\""invoice\"";O:45:\""Illuminate\\Contracts\\Database\\ModelIdentifier\"":5:{s:5:\""class\"";s:18:\""App\\Models\\Invoice\"";s:2:\""id\"";i:3;s:9:\""relations\"";a:0:{}s:10:\""connection\"";s:5:\""mysql\"";s:15:\""collectionClass\"";N;}s:2:\""id\"";s:36:\""8a51f2a0-5bd3-46df-b292-4f2dad004c4c\"";}s:8:\""channels\"";a:1:{i:0;s:8:\""database\"";}}""},""createdAt"":1751258516,""delay"":null}","0",NULL,"1751258516","1751258516"
